PC1,PC2,PC3,PC4,PC5
1.5171094077292662,-0.7086382110000763,-1.0421746559829956,-0.19474906543467368,-0.07879437340669321
0.5484437909457786,-0.18508821709992807,2.2976952811421985,0.6224206181149062,1.064452684954473
-1.4265428357194436,-0.586735882848662,-0.47480863542685553,0.8942704587027612,-2.506446679386136
1.0983498147038495,0.5133748695917824,1.2993874978783622,0.18467671198085425,0.8946947866450722
0.9261143159555189,0.2627047262975046,-1.766873932655578,-0.690559559977135,0.9176424809578451
-0.061605478792281176,0.8191641212960683,1.0737533662248815,0.2123088663549116,0.551172606619019
-1.1294094801567875,-0.8958709755961755,-0.6597832684403143,0.244609256695494,0.7418272797791522
-0.7410412924446828,-1.1129572411757571,0.40471007234684714,0.061175961310209304,0.4567639468467233
0.13882482610118999,0.5685453242375816,1.1321274761123286,0.3669611598559996,0.7300064461768523
0.9753048459197607,-0.5705856942603544,-1.2704898292606357,-0.1544316508191878,0.763936821708668
-0.540518648496888,-0.5663167011677689,0.06293037909195603,-0.5028107614222522,0.43346917252180134
-0.632315762888658,3.593840245238193,-0.43125747450977125,-1.0753556807526226,-1.1598482546462756
-0.44129011717673544,-0.33519675249074593,0.46192246093208583,-0.21706829700530156,-1.8036794564542613
-1.1210511267549323,0.6085023096441352,-1.6288536239431586,3.6725008548780367,-0.29618609186415923
-0.686810961693891,-0.9599358029294524,0.0576323913958863,0.20267058265379856,0.1993160164938304
-0.47505259735956656,-0.7891785548212444,0.2656500073817317,-0.294760931576721,0.5028858713937501
0.11591379327229316,0.9543401226755209,1.1320724196836127,0.0882275212238087,0.7512240993466451
-0.2135476956309023,1.6620314233584796,0.44805615602485094,-0.3205074667951661,0.9406932196592075
1.5739007349135303,-0.4106585588372138,-0.8004730716526635,-0.47822673749494793,-0.03891285387069339
0.34859559943733376,0.23543813739301503,1.6453605616743066,0.37382527381703395,1.5638477611378132
-1.9454709750798125,0.9449353453631446,-1.71159922337179,0.18271767155534746,-2.0582157788134197
-0.8640046726906825,-0.48126580297076277,-0.00045194258940812977,-0.29760073817828725,0.025449139372872017
1.3752334156066712,8.32356554931561e-06,-1.2834036312531023,-0.6715166080098847,0.30063411177928817
1.4377659770200233,-0.34075997248350054,-0.9339414865239993,-0.4548844316137987,0.12227620929325582
-0.7884664083709108,-0.7909463176079748,-0.24765134474000938,0.06631941803298753,0.5541215630094054
1.6350913814847294,0.26236896950720456,-1.8530970166318317,3.312870794567157,-0.014248349805339431
-0.5912794436628019,-0.5970298688391878,-0.46552632459645354,-0.31853821171858876,0.5341703647012278
-0.726023766432276,-0.1988727848358111,-0.012960687563810386,-0.4370994313408167,-0.05125859757168133
1.3375606953963297,0.41566599913072355,1.002812584657231,-0.5452533565876813,-3.529772082491088
1.5382822202112911,-0.5021331412274884,-0.7842994476230035,-0.41141742056906155,0.03095928512816513
-0.47056599254458714,2.5479040002267017,-0.3024563309176644,-0.8181734759529369,1.3704537616336316
-0.6595063945808836,-1.3272822141893015,0.4412253533084247,0.27928788767108936,0.12693158512980743
-0.7741238879703201,0.27257879583202327,-0.4084094902372551,-0.9463762476703546,-0.317457217921604
1.2607955342158086,0.7942575811778065,-2.5861377373646226,3.0364118188228946,0.6828571167165705
1.7655673719178275,-0.7441857013683252,-0.30575909609467933,-0.2977246780564712,-0.39059276975192103
-0.8519444197280416,1.182715037794383,-0.4466140467527741,-1.5978611560972986,0.31006752166301604
0.25999087287997585,-0.6441296084787905,0.4406357114358463,-0.7732328924240099,0.4373774296792384
-0.5951966516039686,0.04851143632796174,0.4512489368844173,-0.8964865112885351,-0.2603320385897491
-1.376831916478728,-0.6997856501748358,-0.8590519226736948,0.7191515375586554,-0.40341707276516126
-0.5062409884064409,-0.8830772121966982,0.944150931844562,-0.12225691879500616,-0.3987031595537335
-0.7880356017665514,2.64999580078757,-0.0801043937218651,-0.38975926412680806,-1.068211733918235
0.1812747773876236,0.3123423503665029,1.3676443954079693,0.38980883284879003,1.7651515789239427
1.2177881553775642,0.21221011992637606,1.624668866789187,0.3440622808282448,0.688812365315696
-0.6218370066604937,-0.04654414030117985,0.83030981359815,1.2886071878337662,1.3569227357801914
-0.4736402504984918,-0.6564756093130083,0.17317505744465223,-0.47440702044114336,0.3870018395838502
-0.860028756429835,-0.8268862608379585,0.496349967558798,0.21293369490936667,-0.9122908841202327
1.0257658957233895,0.43669070146379163,2.483901050041368,0.4512434692720698,-0.4462569849078469
-0.7899709829248954,0.13807305507971718,-0.060392385196760004,-0.9294943429756732,0.29256978516293686
-1.195563748597625,1.0218559201937045,-0.9925013079843954,-1.365123787179031,0.8728074623360547
-0.3556632956891993,-0.7147283619798995,1.0992077021024287,-0.304603858876895,-0.5185061171152064
-0.5636573744627622,-0.20965352210623933,-0.1322310412426765,-0.5985861080268292,0.23371039854162423
0.29070290299125134,0.30853917580309725,1.5291381230883738,0.35877568130519694,1.5884741651933143
-0.391662084353531,0.2594689946604702,0.11311940429754057,-1.0759937851316137,-0.7273087531480776
-1.1148439613539345,0.12438062431482855,-0.7784122668839637,-0.2629095165070368,-0.3892931730851192
0.045777689136492904,0.9006183486028435,1.1225064346360862,0.16599214368329462,0.7685065857081317
1.4770110544940798,-0.12092411965500714,-1.0811978469971302,-0.6316575569299082,0.14654315865203468
1.586499472853311,-0.36597688801832795,-0.7089793941750271,-0.5216777039625049,-0.023899708923896305
0.05772054381957235,-0.23902022759681715,-0.014039250032565162,-0.8018491806132626,-0.5917438557676591
-0.9386379228031702,-1.1324042140557233,0.4235279424931188,0.5884058129045109,-1.1684555804646415
-0.015854365336176034,0.8031463522315956,1.1516279147776165,0.2159182981229886,0.4882899205639805
-0.5818382337340444,-1.2878872357765097,0.3098023489517879,0.35161265291230953,0.14446430368906113
-1.2933370304648335,-0.7218354373383663,-0.43045444023733936,0.6264033444086035,-1.0363395714158528
-1.327935616909354,-0.7047096546443364,-0.9029764401237073,0.2561036989439782,0.9634328063067528
-0.6315221976960061,-0.5803447723669043,0.4960605184853292,-0.4463202439326641,0.13766734240977546
-0.3166303054370258,-0.36216838604564655,0.09720672202470894,-0.18975958614835675,-0.8032398467199845
1.4296739125560205,-0.8152952869866371,-0.5360323106177023,-0.152862437996859,0.18312050552714226
0.1117749656440053,3.786458675110465,-1.3920704679591975,2.836790016630597,-0.371349216934149
-0.7284458950972027,-0.7952466189037989,0.09950204899505351,-0.2651565956793653,1.0408343536944598
-0.5675905579564274,-0.16633030264390855,0.4103287557394704,-0.6376610257497711,-0.16522954119067923
0.6852352230064686,1.1560082413126018,1.3750746558975113,0.14312680718711082,-1.548021887630274
0.13408651391113174,-0.11446292972766982,2.0868738470529054,0.8732193621138324,0.294589775040791
-1.5871159913653687,-1.1522497202861561,-0.30732799701894586,1.3659039629007537,-1.6251829311706834
-0.0030999548958339355,-0.3594631140227864,0.27463030542854,-0.8104659113927687,0.5913641225294255
-1.249539534530759,-0.3117142669562004,-1.0793373470832517,0.28581782717724546,-0.6030273006552213
0.6056080008023689,0.6156070972690441,0.3337508948228903,-0.5232931367180154,-2.154874624119838
-0.8320087811683031,-0.4660954382676618,-0.2826231835018385,-0.4030504440135676,-0.08347471033750209
1.0645873322053674,0.6037857513782948,-2.0954490508718684,-0.9082755601502297,0.7376230718028444
0.06707016901767207,-0.6483247768419546,0.4986325180549016,-0.6671922478978938,0.5327109903680163
-0.29781253577632805,-0.5933429303985257,0.3775121812453318,-0.5868924797667529,0.19141716538353126
1.7569684203394376,-1.000891525084246,-0.1292538774836143,-0.12492915258499622,-0.4299022896721551
-1.2435315747092883,-0.8199825563168274,-0.3722946414444623,0.6707271616947695,-1.0751230106440552
1.1249831042219316,-0.33165739942467604,-1.296448322194513,-0.34151538908136375,0.5357596384965613
-0.9725105030598449,-0.6637774650449239,-0.23101023252096847,-0.007963924531035645,0.3273774228926572
0.5107776310863151,0.8172279223473826,1.3944646906717357,4.346289354726512,0.22867905896264576
0.8749850148996419,-0.3716007667301923,-1.3775730402280624,-0.25416112311701916,0.9872660166814087
-0.9272319337291158,0.538451029701833,-0.42861956511094085,-0.9756118325118591,0.36052520497109825
-0.6192673060273118,0.3518427193210419,0.00228059888275746,-1.1192642792108185,0.061576478065558306
-1.3678550551514572,-2.331660303789621,-0.29838012741367537,1.8481197864849255,0.6171957220166612
1.8643174960343913,-1.2398628744034703,0.022278402015478153,-0.00619546530247027,-0.562415071224564
-1.1591783395466442,1.4045594034469393,-0.9715390156405724,-1.6056441928346772,0.6451075492796869
-0.17117507681102925,0.3522426019554915,1.1490332963596972,0.5085279480775716,1.568185222739297
1.118450841616245,1.3980634210443368,1.2266157539792202,-0.09780343290994407,-2.3420675438893497
-0.5790249210079212,2.549565057832604,-0.41509383928612514,-0.7385280946689581,1.4513254674169107
1.3455683656229267,0.30767222377335174,1.080650266191475,-0.45178823894947423,-3.614059365778084
-0.7459616376201856,-0.3597032478877358,0.23541904937266592,-0.5525715879618555,0.3497432903969164
1.5288312196271934,-0.16120829953641627,-1.0188408991289966,-0.5925730061362475,0.0106505344722452
1.1184128222502576,-0.6511750765400803,-1.1574850926921623,-0.12119998497343747,0.45630934385927363
1.606395848350253,-0.4167104374378129,-0.5846205787552141,-0.49741194981460385,-0.07812215597589242
0.31770904552171575,0.44754402546985106,1.8042166695255744,0.41973082119904276,0.29771635726819623
1.930028832027371,-1.1122913481842345,0.1804807924017558,-0.11748086157498211,-0.6644023866788844
